"country","city","total_customers","sales_reps_active","total_transactions","total_sales","avg_transaction_value","total_units_sold","products_sold","sales_per_customer","avg_ticket","avg_latitude","avg_longitude"
GERMANY,Butzbach,1,13,367,94960728,258748.58,176405,188,94960728,258748.58,50.4367,8.6622
GERMANY,Baesweiler,1,13,396,64914607,163925.78,132122,201,64914607,163925.78,50.9,6.1833
GERMANY,Cuxhaven,1,13,374,56390483,150776.69,125902,185,56390483,150776.69,53.8667,8.7
GERMANY,Friedberg,2,13,780,52268155.6,67010.46,124420,231,26134077.8,67010.46,49.368103,9.840582
GERMANY,Altenburg,1,13,388,50981940,131396.75,95220,194,50981940,131396.75,50.985,12.4333
GERMANY,Emsdetten,1,13,376,46109734,122632.27,90747,187,46109734,122632.27,52.1728,7.5344
GERMANY,Bottrop,1,13,352,44711206,127020.47,104842,194,44711206,127020.47,51.5232,6.9253
GERMANY,Trier,1,13,353,43879630,124304.9,91056,194,43879630,124304.9,49.7567,6.6414
GERMANY,Freising,1,13,385,43850926,113898.51,100466,188,43850926,113898.51,48.4028,11.7489
GERMANY,Castrop-rauxel,1,13,409,42288313.97,103394.41,91789,191,42288313.97,103394.41,51.55,7.3167
GERMANY,Limburg,1,13,378,41657833,110205.91,86228,183,41657833,110205.91,50.3833,8.0667
GERMANY,Wedel,1,13,385,40864601,106141.82,88432,185,40864601,106141.82,53.5833,9.7
GERMANY,Berlin,1,13,414,40837620,98641.59,84910,195,40837620,98641.59,52.5167,13.3833
GERMANY,Ditzingen,1,13,359,40480292,112758.47,86347,187,40480292,112758.47,48.8264,9.0667
GERMANY,Dachau,1,13,392,37952382,96817.3,78999,199,37952382,96817.3,48.2603,11.4342
GERMANY,Weinheim,1,13,380,37895247,99724.33,84133,196,37895247,99724.33,49.5561,8.6697
GERMANY,Eberswalde,1,13,369,37693404,102150.15,90366,189,37693404,102150.15,52.8331,13.8331
GERMANY,Bad Neuenahr-ahrweiler,1,13,413,37647467,91156.09,94560,195,37647467,91156.09,50.5447,7.1133
GERMANY,Neustadt,2,13,738,37256522,50483.09,93668,232,18628261,50483.09,49.071057,8.779213
GERMANY,Springe,1,13,375,37198644,99196.38,76617,196,37198644,99196.38,52.2167,9.55
GERMANY,Filderstadt,1,13,360,36825582,102293.28,85521,184,36825582,102293.28,48.6667,9.2167
GERMANY,Dessau-roßlau,1,13,378,36601574,96829.56,74699,190,36601574,96829.56,51.8333,12.2333
GERMANY,Osterholz-scharmbeck,1,13,422,36304891,86030.55,66490,199,36304891,86030.55,53.2269,8.7947
GERMANY,Griesheim,1,13,405,36233388,89465.16,82626,200,36233388,89465.16,49.8594,8.5525
GERMANY,Ingelheim,1,13,406,35268106,86867.26,99338,197,35268106,86867.26,49.9747,8.0564
GERMANY,Melle,1,13,380,34949548,91972.49,83982,187,34949548,91972.49,52.2031,8.3361
GERMANY,Rudolstadt,1,13,413,34889178,84477.43,73840,196,34889178,84477.43,50.7169,11.3275
GERMANY,Sindelfingen,1,13,421,34810614,82685.54,71504,195,34810614,82685.54,48.7133,9.0028
GERMANY,Aurich,1,13,399,34647502,86835.84,78947,200,34647502,86835.84,53.4714,7.4836
GERMANY,Sondershausen,1,13,394,34293968,87040.53,86397,189,34293968,87040.53,51.3667,10.8667
GERMANY,Friedrichsdorf,1,13,384,33777187,87961.42,71834,192,33777187,87961.42,50.2569,8.6418
GERMANY,Steinfurt,1,13,387,33317104,86090.71,69597,186,33317104,86090.71,52.1504,7.3366
GERMANY,Erlangen,1,13,353,33286174.34,94295.11,71415,186,33286174.34,94295.11,49.5964,11.0044
GERMANY,Ludwigshafen,1,13,386,33148020,85875.7,73325,193,33148020,85875.7,49.4811,8.4353
GERMANY,Rheinberg,1,13,401,31832949,79383.91,73088,197,31832949,79383.91,51.5467,6.6006
GERMANY,Frankenthal,1,13,398,31741289,79751.98,74733,191,31741289,79751.98,49.5333,8.35
GERMANY,Hattingen,1,13,385,31648909,82204.96,69850,192,31648909,82204.96,51.3992,7.1858
GERMANY,Lennestadt,1,13,366,31579659,86283.22,71144,183,31579659,86283.22,51.1236,8.0681
GERMANY,Neuss,1,13,390,31223027,80059.04,123032,189,31223027,80059.04,51.2003,6.6939
GERMANY,Kehl,1,13,428,31178348,72846.61,66746,197,31178348,72846.61,48.5711,7.8089
GERMANY,Nettetal,1,13,392,31173681,79524.7,64668,196,31173681,79524.7,51.3167,6.2833
GERMANY,Heppenheim,1,13,374,31102834,83162.66,60747,190,31102834,83162.66,49.6415,8.645
GERMANY,Meschede,1,13,364,31058213,85324.76,117039,181,31058213,85324.76,51.3503,8.2836
GERMANY,Kirchheim Unter Teck,1,13,398,30883015,77595.52,85900,193,30883015,77595.52,48.6483,9.4511
GERMANY,Vechta,1,13,368,30732052,83511.01,56480,199,30732052,83511.01,52.7306,8.2886
GERMANY,Neuruppin,1,13,407,30574926,75122.67,69430,193,30574926,75122.67,52.9222,12.8
GERMANY,Staßfurt,1,13,419,30488127,72764.03,76904,196,30488127,72764.03,51.8667,11.5667
GERMANY,Crailsheim,1,13,385,30452796,79098.17,64947,184,30452796,79098.17,49.1347,10.0706
GERMANY,Leer,1,13,395,30239922,76556.76,73318,185,30239922,76556.76,53.2308,7.4528
GERMANY,Höxter,1,13,375,30054435,80145.16,63007,192,30054435,80145.16,51.7667,9.3667
GERMANY,Frankfurt (oder),1,13,360,29684914,82458.09,67095,183,29684914,82458.09,52.35,14.55
GERMANY,Bad Dürkheim,1,13,378,29577060,78246.19,67527,194,29577060,78246.19,49.4618,8.1724
GERMANY,Braunschweig,1,13,353,29251537,82865.54,72889,193,29251537,82865.54,52.2692,10.5211
GERMANY,Viernheim,1,13,366,29173354,79708.62,63010,187,29173354,79708.62,49.538,8.5792
GERMANY,Emmendingen,1,13,381,28892241,75832.65,87931,189,28892241,75832.65,48.1214,7.8492
GERMANY,Bietigheim-bissingen,1,13,408,28830712,70663.51,54847,195,28830712,70663.51,48.9667,9.1333
GERMANY,Lohmar,1,13,360,28705296,79736.93,69799,193,28705296,79736.93,50.8415,7.2166
GERMANY,Unna,1,13,385,28589463,74258.35,65111,195,28589463,74258.35,51.5347,7.6889
GERMANY,Riesa,1,13,386,28480326,73783.23,68006,195,28480326,73783.23,51.3081,13.2939
GERMANY,Erfurt,1,13,402,28469176,70818.85,61503,190,28469176,70818.85,50.9787,11.0328
GERMANY,Cologne,1,13,403,28276301,70164.52,54167,196,28276301,70164.52,50.9422,6.9578
GERMANY,Meppen,1,13,404,28086817,69521.82,66364,201,28086817,69521.82,52.6906,7.291
GERMANY,Rheinfelden (baden),1,13,368,27981121,76035.65,52070,185,27981121,76035.65,47.5611,7.7917
GERMANY,Schorndorf,1,13,387,27853041,71971.68,90392,197,27853041,71971.68,48.8,9.5333
GERMANY,Neumünster,1,13,373,27625153,74062.07,57991,191,27625153,74062.07,54.0714,9.99
GERMANY,Oberursel,1,13,385,27420314,71221.59,81509,189,27420314,71221.59,50.2028,8.5769
GERMANY,Neuwied,1,13,400,27390431,68476.08,58867,192,27390431,68476.08,50.4286,7.4614
GERMANY,Strausberg,1,13,352,27333433,77651.8,79109,191,27333433,77651.8,52.5808,13.8814
GERMANY,Rendsburg,1,13,395,27217288,68904.53,55364,200,27217288,68904.53,54.3044,9.6644
GERMANY,Mainz,1,13,366,27176852,74253.69,77559,190,27176852,74253.69,50.0,8.2711
GERMANY,Waiblingen,1,13,374,26945028,72045.53,52115,194,26945028,72045.53,48.8303,9.3169
GERMANY,Landsberg,1,13,389,26874199,69085.34,58451,192,26874199,69085.34,48.0528,10.8689
GERMANY,Teltow,1,13,350,26810951,76602.72,54668,174,26810951,76602.72,52.4022,13.2706
GERMANY,Brandenburg,1,13,364,26787879,73593.07,51973,193,26787879,73593.07,52.4117,12.5561
GERMANY,Germersheim,1,13,407,26749756,65724.22,64350,201,26749756,65724.22,49.2167,8.3667
GERMANY,Lüdenscheid,1,13,362,26744339,73879.39,53166,181,26744339,73879.39,51.2198,7.6273
GERMANY,Westerstede,1,13,341,26722233,78364.32,55337,176,26722233,78364.32,53.25,7.9167
GERMANY,Gelsenkirchen,1,13,413,26673649,64585.11,56192,195,26673649,64585.11,51.5167,7.1
GERMANY,Görlitz,1,13,421,26599491,63181.69,51428,201,26599491,63181.69,51.1528,14.9872
GERMANY,Bad Vilbel,1,13,370,26540165,71730.18,72757,186,26540165,71730.18,50.1781,8.7361
GERMANY,Mühldorf,1,13,396,26502709,66926.03,57475,190,26502709,66926.03,48.2456,12.5228
GERMANY,Forchheim,1,13,397,26502119,66755.97,52897,204,26502119,66755.97,49.7197,11.0581
GERMANY,Hildesheim,1,13,378,26480550,70054.37,59339,198,26480550,70054.37,52.15,9.95
GERMANY,Dorsten,1,13,400,26373611,65934.03,59546,196,26373611,65934.03,51.66,6.9642
GERMANY,Oranienburg,1,13,377,26273347,69690.58,60692,177,26273347,69690.58,52.7544,13.2369
GERMANY,Kleve,1,13,395,26262705,66487.86,55934,194,26262705,66487.86,51.79,6.14
GERMANY,Lage,1,13,361,26109853,72326.46,60607,192,26109853,72326.46,51.9833,8.8
GERMANY,Bocholt,1,13,364,25912222,71187.42,53334,184,25912222,71187.42,51.8333,6.6167
GERMANY,Oberhausen,1,13,388,25873768,66684.97,67361,196,25873768,66684.97,51.4699,6.8514
GERMANY,Traunstein,1,13,388,25833159,66580.31,63709,199,25833159,66580.31,47.8683,12.6433
GERMANY,Albstadt,1,13,386,25808994,66862.68,54991,198,25808994,66862.68,48.2119,9.0239
GERMANY,Lippstadt,1,13,402,25742112,64035.1,54353,200,25742112,64035.1,51.6667,8.35
GERMANY,Hennigsdorf,1,13,413,25742056,62329.43,54895,196,25742056,62329.43,52.6378,13.2036
GERMANY,Radolfzell Am Bodensee,1,13,352,25662980,72906.19,60177,192,25662980,72906.19,47.7369,8.9697
GERMANY,Kerpen,1,13,395,25562943,64716.31,69072,197,25562943,64716.31,50.8719,6.6961
GERMANY,Bayreuth,1,13,407,25558269,62796.73,70444,196,25558269,62796.73,49.9481,11.5783
GERMANY,Hückelhoven,1,13,419,25482807.41,60818.16,61364,196,25482807.41,60818.16,51.0608,6.2197
GERMANY,Stuttgart,1,13,367,25305594,68952.57,57662,198,25305594,68952.57,48.7761,9.1775
GERMANY,Reutlingen,1,13,413,25272498,61192.49,62339,190,25272498,61192.49,48.4833,9.2167
GERMANY,Baunatal,1,13,403,25131902,62362.04,56179,197,25131902,62362.04,51.2589,9.4183
GERMANY,Erding,1,13,386,24918783,64556.43,53275,194,24918783,64556.43,48.3001,11.9082
GERMANY,Horb Am Neckar,1,13,343,24896794,72585.41,60215,182,24896794,72585.41,48.445,8.6911
GERMANY,Bremen,1,13,379,24806789,65453.27,60095,196,24806789,65453.27,53.1153,8.7975
GERMANY,Magdeburg,1,13,373,24788145,66456.15,52279,191,24788145,66456.15,52.1278,11.6292
GERMANY,Coesfeld,1,13,386,24786161,64212.85,60696,193,24786161,64212.85,51.9458,7.1675
GERMANY,Grevenbroich,1,13,345,24739387,71708.37,49912,175,24739387,71708.37,51.0883,6.5875
GERMANY,Marktoberdorf,1,13,378,24732385,65429.59,53042,190,24732385,65429.59,47.7667,10.6167
GERMANY,Neuburg,1,13,393,24673171,62781.61,52690,196,24673171,62781.61,48.7333,11.1833
GERMANY,Pfaffenhofen,1,13,357,24640114,69019.93,49506,190,24640114,69019.93,48.5333,11.5167
GERMANY,Mülheim,1,13,367,24598462,67025.78,56626,204,24598462,67025.78,51.4283,6.8789
GERMANY,Landau,1,13,383,24570584,64152.96,57667,190,24570584,64152.96,49.1994,8.1231
GERMANY,Zwickau,1,13,381,24317580,63825.67,52307,201,24317580,63825.67,50.7189,12.4961
GERMANY,Erkrath,1,13,386,24249901,62823.58,67857,189,24249901,62823.58,51.2239,6.9147
GERMANY,Einbeck,1,13,358,24203329,67607.06,56178,175,24203329,67607.06,51.8167,9.8667
GERMANY,Peine,1,13,394,24124479,61229.64,55911,199,24124479,61229.64,52.3203,10.2336
GERMANY,Salzkotten,1,13,372,23994156,64500.42,48794,181,23994156,64500.42,51.6708,8.6047
GERMANY,Olpe,1,13,366,23979497.2,65517.75,48556,190,23979497.2,65517.75,51.0289,7.8514
GERMANY,Neu Isenburg,1,13,408,23938353,58672.43,54347,196,23938353,58672.43,50.0558,8.6971
GERMANY,Apolda,1,13,421,23937127,56857.78,48116,195,23937127,56857.78,51.0247,11.5139
GERMANY,Münster,1,13,361,23883299,66158.72,59755,189,23883299,66158.72,51.9625,7.6256
GERMANY,Ettlingen,1,13,431,23649043,54870.17,53214,204,23649043,54870.17,48.9333,8.4
GERMANY,Ratingen,1,13,362,23590659,65167.57,53208,191,23590659,65167.57,51.3,6.85
GERMANY,Kassel,1,13,368,23517530,63906.33,55977,200,23517530,63906.33,51.3158,9.4979
GERMANY,Sömmerda,1,13,393,23487855,59765.53,56886,185,23487855,59765.53,51.1617,11.1169
GERMANY,Steinheim Am Main,1,13,367,23439337,63867.4,52380,194,23439337,63867.4,50.1257,8.83
GERMANY,Dortmund,1,13,368,23430972,63671.12,91747,195,23430972,63671.12,51.5139,7.4653
GERMANY,Heidenheim,1,13,376,23407180,62253.14,49495,189,23407180,62253.14,48.6761,10.1544
GERMANY,Bochum,1,13,363,23383747,64418.04,49768,185,23383747,64418.04,51.4833,7.2167
GERMANY,Oelde,1,13,414,23379567,56472.38,89688,199,23379567,56472.38,51.8258,8.1436
GERMANY,Weißenfels,1,13,400,23372164,58430.41,52818,201,23372164,58430.41,51.2,11.9667
GERMANY,Hohen Neuendorf,1,13,391,23335795,59682.34,54258,196,23335795,59682.34,52.6667,13.2831
GERMANY,Goslar,1,13,370,23263033,62873.06,49013,191,23263033,62873.06,51.906,10.4292
GERMANY,Leinfelden-echterdingen,1,13,415,23240747,56001.8,51450,202,23240747,56001.8,48.6928,9.1428
GERMANY,Wunstorf,1,13,397,23220019,58488.71,55728,191,23220019,58488.71,52.4238,9.4359
GERMANY,Northeim,1,13,414,23190633,56016.02,48489,198,23190633,56016.02,51.7067,10.0011
GERMANY,Bielefeld,1,13,369,22894837,62045.63,51931,181,22894837,62045.63,52.0167,8.5333
GERMANY,Gifhorn,1,13,382,22847879,59811.2,78716,195,22847879,59811.2,52.4886,10.5464
GERMANY,Niederkassel,1,13,372,22687944,60989.1,50155,195,22687944,60989.1,50.8167,7.0333
GERMANY,Pinneberg,1,13,412,22680611,55050.03,57873,196,22680611,55050.03,53.6591,9.8009
GERMANY,Güstrow,1,13,384,22679791,59061.96,50708,195,22679791,59061.96,53.7939,12.1764
GERMANY,Petershagen,1,13,394,22662468,57518.95,48259,186,22662468,57518.95,52.3833,8.9667
GERMANY,Amberg,1,13,381,22653010,59456.72,47190,189,22653010,59456.72,49.4444,11.8483
GERMANY,Overath,1,13,328,22620621,68965.31,54524,167,22620621,68965.31,50.95,7.3
GERMANY,Gotha,1,13,399,22558231,56536.92,54524,199,22558231,56536.92,50.9489,10.7183
GERMANY,Frankfurt,1,13,376,22553851,59983.65,49177,195,22553851,59983.65,50.1136,8.6797
GERMANY,Lampertheim,1,13,371,22553041,60789.87,54666,187,22553041,60789.87,49.5942,8.4671
GERMANY,Göppingen,1,13,374,22466553,60071.0,49729,188,22466553,60071.0,48.7025,9.6528
GERMANY,Neustadt Am Rübenberge,1,13,362,22386810.78,61842.02,46553,184,22386810.78,61842.02,52.5055,9.4636
GERMANY,Zirndorf,1,13,391,22271034,56959.17,52890,199,22271034,56959.17,49.45,10.95
GERMANY,Balingen,1,13,389,22248647,57194.47,53240,198,22248647,57194.47,48.2731,8.8506
GERMANY,Neu-ulm,1,13,369,22244231,60282.47,48208,177,22244231,60282.47,48.3833,10.0
GERMANY,Würselen,1,13,377,22240362,58993.0,67122,187,22240362,58993.0,50.8247,6.1275
GERMANY,Gladbeck,1,13,374,22225397,59426.2,49377,193,22225397,59426.2,51.5713,6.9827
GERMANY,Roth,1,13,405,22083533.2,54527.24,51781,193,22083533.2,54527.24,49.2461,11.0911
GERMANY,Frechen,1,13,390,22051935,56543.42,53538,189,22051935,56543.42,50.9167,6.8167
GERMANY,Straubing,1,13,395,22021951,55751.77,59531,192,22021951,55751.77,48.8772,12.5758
GERMANY,Deggendorf,1,13,363,21995062,60592.46,46337,189,21995062,60592.46,48.8353,12.9644
GERMANY,Sprockhövel,1,13,376,21989371,58482.37,52199,197,21989371,58482.37,51.3614,7.244
GERMANY,Kempen,1,13,381,21988591,57712.84,51455,186,21988591,57712.84,51.3658,6.4194
GERMANY,Bergheim,1,13,431,21909044,50833.05,47442,200,21909044,50833.05,50.9667,6.65
GERMANY,Stralsund,1,13,361,21896904,60656.24,43092,195,21896904,60656.24,54.3,13.0833
GERMANY,Unterschleißheim,1,13,394,21894869,55570.73,51195,189,21894869,55570.73,48.2833,11.5667
GERMANY,Bad Kissingen,1,13,414,21842511,52759.69,50095,200,21842511,52759.69,50.2,10.0667
GERMANY,Uelzen,1,13,402,21842438,54334.42,62591,197,21842438,54334.42,52.9647,10.5658
GERMANY,Norderstedt,1,13,384,21789551,56743.62,57332,197,21789551,56743.62,53.7064,10.0103
GERMANY,Witten,1,13,354,21760174,61469.42,54197,182,21760174,61469.42,51.4333,7.3333
GERMANY,Achern,1,13,407,21728463,53386.89,52387,197,21728463,53386.89,48.6314,8.0739
GERMANY,Suhl,1,13,380,21701915,57110.3,50965,176,21701915,57110.3,50.6106,10.6931
GERMANY,Germering,1,13,387,21701151.68,56075.33,50362,194,21701151.68,56075.33,48.1333,11.3667
GERMANY,Greiz,1,13,366,21674039,59218.69,48604,185,21674039,59218.69,50.6547,12.1997
GERMANY,Hilden,1,13,371,21624981,58288.36,49740,188,21624981,58288.36,51.1714,6.9394
GERMANY,Verl,1,13,368,21615987,58739.1,57584,188,21615987,58739.1,51.8831,8.5167
GERMANY,Remscheid,1,13,401,21559013,53763.12,65506,201,21559013,53763.12,51.1906,7.2247
GERMANY,Leimen,1,13,369,21527838,58341.02,49868,191,21527838,58341.02,49.3481,8.6911
GERMANY,Hameln,1,13,388,21508805,55435.06,51409,192,21508805,55435.06,52.1031,9.36
GERMANY,Reinbek,1,13,401,21457803,53510.73,51349,199,21457803,53510.73,53.5089,10.2483
GERMANY,Lübeck,1,13,400,21440153,53600.38,47649,196,21440153,53600.38,53.8697,10.6864
GERMANY,Nürtingen,1,13,394,21427576.24,54384.71,57249,181,21427576.24,54384.71,48.6267,9.3353
GERMANY,Groß-gerau,1,13,387,21422334,55354.87,45774,198,21422334,55354.87,49.9214,8.4818
GERMANY,Idstein,1,13,353,21348308,60476.79,50114,186,21348308,60476.79,50.2206,8.2692
GERMANY,Langen,1,13,349,21296416,61021.25,43472,185,21296416,61021.25,49.9893,8.6803
GERMANY,Emden,1,13,412,21281553,51654.25,53479,198,21281553,51654.25,53.3669,7.2061
GERMANY,Prenzlau,1,13,402,21271996,52915.41,53834,198,21271996,52915.41,53.3167,13.8667
GERMANY,Königsbrunn,1,13,413,21261599.31,51480.87,60853,195,21261599.31,51480.87,48.2689,10.8908
GERMANY,Bernburg,1,13,361,21172343.66,58649.15,46034,187,21172343.66,58649.15,51.8,11.7333
GERMANY,Schloß Holte-stukenbrock,1,13,396,21157340,53427.63,62900,189,21157340,53427.63,51.8833,8.6167
GERMANY,Datteln,1,13,396,21144190,53394.42,44713,195,21144190,53394.42,51.6539,7.3417
GERMANY,Karlsruhe,1,13,405,21093098,52081.72,60917,195,21093098,52081.72,49.0167,8.4
GERMANY,Korbach,1,13,356,21067265,59177.71,53455,189,21067265,59177.71,51.2719,8.8731
GERMANY,Annaberg-buchholz,1,13,401,21045758,52483.19,50226,195,21045758,52483.19,50.58,13.0022
GERMANY,Rottweil,1,13,363,21008338,57874.21,46777,192,21008338,57874.21,48.1681,8.6247
GERMANY,Weiterstadt,1,13,409,20963971,51256.65,49379,195,20963971,51256.65,49.9,8.6
GERMANY,Freiburg Im Breisgau,1,13,370,20946863,56613.14,50796,191,20946863,56613.14,47.9947,7.8497
GERMANY,Elmshorn,1,13,385,20870970,54210.31,53347,191,20870970,54210.31,53.7547,9.6536
GERMANY,Löhne,1,13,389,20862668.32,53631.54,63212,197,20862668.32,53631.54,52.2,8.7
GERMANY,Marl,1,13,390,20860160,53487.59,61476,198,20860160,53487.59,51.6667,7.1167
GERMANY,Ehingen An Der Donau,1,13,397,20840772,52495.65,54959,194,20840772,52495.65,48.2833,9.7236
GERMANY,Ostfildern,1,13,361,20839679,57727.64,44637,181,20839679,57727.64,48.7228,9.2631
GERMANY,Lingen,1,13,379,20819817,54933.55,43862,193,20819817,54933.55,52.5233,7.3172
GERMANY,Mörfelden-walldorf,1,13,404,20790434,51461.47,51261,201,20790434,51461.47,49.9896,8.5661
GERMANY,Barsinghausen,1,13,393,20747463,52792.53,43071,197,20747463,52792.53,52.3031,9.4606
GERMANY,Geesthacht,1,13,367,20733668,56495.01,44735,194,20733668,56495.01,53.4381,10.3747
GERMANY,Bad Oeynhausen,1,13,384,20725974,53973.89,48420,195,20725974,53973.89,52.2,8.8
GERMANY,Siegburg,1,13,398,20706917,52027.43,43076,191,20706917,52027.43,50.8014,7.2044
GERMANY,Derne,1,13,368,20706643,56268.05,46963,182,20706643,56268.05,51.6667,7.6167
GERMANY,Rheine,1,13,393,20702905,52679.15,44143,197,20702905,52679.15,52.2833,7.4333
GERMANY,Leverkusen,1,13,397,20702185,52146.56,51821,190,20702185,52146.56,51.0333,6.9833
GERMANY,Schwandorf,1,13,409,20687984,50581.87,76593,194,20687984,50581.87,49.3236,12.0993
GERMANY,Konstanz,1,13,385,20679018,53711.74,48606,193,20679018,53711.74,47.6633,9.1753
GERMANY,Bonn,1,13,367,20676355,56338.84,52254,191,20676355,56338.84,50.7339,7.0997
GERMANY,Kevelaer,1,13,398,20637874,51853.95,46831,193,20637874,51853.95,51.5833,6.25
GERMANY,Kreuztal,1,13,381,20612056,54099.88,56735,191,20612056,54099.88,50.962,8.0064
GERMANY,Salzgitter,1,13,390,20581493,52773.06,67372,192,20581493,52773.06,52.1503,10.3593
GERMANY,Kamp-lintfort,1,13,382,20559967,53821.9,43761,187,20559967,53821.9,51.5,6.5333
GERMANY,Waldshut-tiengen,1,13,383,20551560,53659.43,41270,191,20551560,53659.43,47.6231,8.2144
GERMANY,Obertshausen,1,13,380,20519159,53997.79,52171,182,20519159,53997.79,50.0715,8.8482
GERMANY,Arnsberg,1,13,391,20485704,52393.1,91997,199,20485704,52393.1,51.3967,8.0644
GERMANY,Mosbach,1,13,383,20458341.04,53416.03,52746,192,20458341.04,53416.03,49.35,9.1333
GERMANY,Herzogenrath,1,13,390,20434899,52397.18,48289,186,20434899,52397.18,50.8667,6.1
GERMANY,Schweinfurt,1,13,372,20412700,54872.85,49477,191,20412700,54872.85,50.05,10.2333
GERMANY,Darmstadt,1,13,370,20408157,55157.18,66553,193,20408157,55157.18,49.8667,8.65
GERMANY,Zeitz,1,13,419,20364687,48603.07,55941,201,20364687,48603.07,51.0478,12.1383
GERMANY,Senftenberg,1,13,408,20358731,49898.85,48780,196,20358731,49898.85,51.5167,14.0167
GERMANY,Greven,1,13,388,20277820,52262.42,43588,192,20277820,52262.42,52.0917,7.6083
GERMANY,Sundern,1,13,364,20260377,55660.38,42777,186,20260377,55660.38,51.3167,8.0
GERMANY,Weilheim,1,13,361,20195249,55942.52,53519,181,20195249,55942.52,47.8333,11.1333
GERMANY,Rosenheim,1,13,376,20123504,53519.96,50644,190,20123504,53519.96,47.8561,12.1289
GERMANY,Fürth,1,13,359,20085883,55949.53,42407,192,20085883,55949.53,49.4783,10.9903
GERMANY,Ibbenbüren,1,13,375,20034408,53425.09,43882,193,20034408,53425.09,52.2778,7.7167
GERMANY,Taunusstein,1,13,363,20011111,55127.03,41216,188,20011111,55127.03,50.1435,8.1606
GERMANY,Leichlingen,1,13,381,20004835.98,52506.13,47331,194,20004835.98,52506.13,51.1167,7.0167
GERMANY,Coburg,1,13,376,19926566,52996.19,44582,181,19926566,52996.19,50.2666,10.9666
GERMANY,Waltrop,1,13,369,19920722,53985.7,48309,184,19920722,53985.7,51.6167,7.3833
GERMANY,Dresden,1,13,397,19886727,50092.51,51454,189,19886727,50092.51,51.0493,13.7384
GERMANY,Schwerin,1,13,376,19792575,52639.83,44300,193,19792575,52639.83,53.6333,11.4167
GERMANY,Euskirchen,1,13,401,19790646,49353.23,41962,202,19790646,49353.23,50.6597,6.7917
GERMANY,Celle,1,13,356,19754034,55488.86,47231,196,19754034,55488.86,52.6256,10.0825
GERMANY,Saarbrücken,1,13,363,19655351,54146.97,54452,191,19655351,54146.97,49.2333,7.0
GERMANY,Landshut,1,13,381,19648155,51569.96,58816,192,19648155,51569.96,48.5397,12.1508
GERMANY,Esslingen,1,13,372,19645149,52809.54,49700,188,19645149,52809.54,48.7406,9.3108
GERMANY,Freudenstadt,1,13,368,19619622,53314.19,57773,185,19619622,53314.19,48.4633,8.4111
GERMANY,Warstein,1,13,388,19596885,50507.44,47142,187,19596885,50507.44,51.45,8.3667
GERMANY,Gevelsberg,1,13,374,19548853.77,52269.66,42919,183,19548853.77,52269.66,51.3265,7.3559
GERMANY,Düsseldorf,1,13,377,19481315,51674.58,42231,196,19481315,51674.58,51.2311,6.7724
GERMANY,Holzminden,1,13,361,19480307,53962.07,45396,191,19480307,53962.07,51.8297,9.4483
GERMANY,Kaufbeuren,1,13,419,19408097,46320.04,44506,202,19408097,46320.04,47.88,10.6225
GERMANY,Selm,1,13,404,19316843.57,47813.97,53859,195,19316843.57,47813.97,51.6833,7.4833
GERMANY,Hamminkeln,1,13,362,19264974,53218.16,47718,185,19264974,53218.16,51.7319,6.5908
GERMANY,Cloppenburg,1,13,360,19221879,53394.11,44848,186,19221879,53394.11,52.8478,8.0439
GERMANY,Bad Oldesloe,1,13,395,19105256,48367.74,54517,193,19105256,48367.74,53.8117,10.3742
GERMANY,Jena,1,13,382,19096277,49990.25,56255,198,19096277,49990.25,50.9272,11.5864
GERMANY,Schwedt (oder),1,13,377,19085842,50625.58,51561,194,19085842,50625.58,53.0631,14.2831
GERMANY,Düren,1,13,391,19072327,48778.33,46636,196,19072327,48778.33,50.8,6.4833
GERMANY,Aachen,1,13,395,19069106,48276.22,44973,197,19069106,48276.22,50.7762,6.0838
GERMANY,Bad Salzungen,1,13,373,19043468,51054.87,47270,192,19043468,51054.87,50.8117,10.2333
GERMANY,Biberach,1,13,386,18973781,49154.87,44006,191,18973781,49154.87,48.0981,9.7886
GERMANY,Wittenberg,1,13,373,18947771,50798.31,42116,185,18947771,50798.31,51.8671,12.6484
GERMANY,Achim,1,13,387,18935537,48929.04,40483,193,18935537,48929.04,53.013,9.033
GERMANY,Wernigerode,1,13,387,18932110,48920.18,39492,193,18932110,48920.18,51.835,10.7853
GERMANY,Wegberg,1,13,393,18895655,48080.55,42460,197,18895655,48080.55,51.1333,6.2667
GERMANY,Speyer,1,13,366,18892757,51619.55,43986,185,18892757,51619.55,49.3194,8.4311
GERMANY,Dietzenbach,1,13,389,18855009,48470.46,46833,194,18855009,48470.46,50.0086,8.7756
GERMANY,Porta Westfalica,1,13,372,18833730,50628.31,48681,193,18833730,50628.31,52.2167,8.9333
GERMANY,Troisdorf,1,13,384,18828332,49032.11,48039,193,18828332,49032.11,50.8161,7.1556
GERMANY,Dreieich,1,13,401,18814026,46917.77,49466,192,18814026,46917.77,50.0189,8.6961
GERMANY,Brühl,1,13,366,18812294,51399.71,44187,187,18812294,51399.71,50.8333,6.9
GERMANY,Dingolfing,1,13,396,18771689,47403.26,48603,202,18771689,47403.26,48.6333,12.5
GERMANY,Wetter (ruhr),1,13,391,18755050,47966.88,47685,187,18755050,47966.88,51.3881,7.395
GERMANY,Sankt Wendel,1,13,386,18744865,48561.83,48509,193,18744865,48561.83,49.4667,7.1667
GERMANY,Wuppertal,1,13,381,18722409,49140.18,46226,191,18722409,49140.18,51.2667,7.1833
GERMANY,Georgsmarienhütte,1,13,360,18675262,51875.73,57130,191,18675262,51875.73,52.2031,8.0447
GERMANY,Bergkamen,1,13,378,18672504,49398.16,44998,181,18672504,49398.16,51.6167,7.6333
GERMANY,Sonthofen,1,13,379,18650360,49209.39,52341,192,18650360,49209.39,47.5142,10.2817
GERMANY,Aichach,1,13,363,18642671,51357.22,43864,188,18642671,51357.22,48.45,11.1333
GERMANY,Fulda,1,13,398,18635742,46823.47,53715,197,18635742,46823.47,50.5528,9.6775
GERMANY,Bensheim,1,13,380,18630454,49027.51,53493,182,18630454,49027.51,49.6811,8.6228
GERMANY,Friedrichshafen,1,13,389,18630041,47892.14,42291,196,18630041,47892.14,47.6542,9.4792
GERMANY,Siegen,1,13,381,18599629,48817.92,44010,188,18599629,48817.92,50.8756,8.0167
GERMANY,Bad Reichenhall,1,13,375,18560719,49495.25,47046,183,18560719,49495.25,47.7247,12.8769
GERMANY,Lindau,1,13,400,18544815,46362.04,54673,192,18544815,46362.04,47.5458,9.6839
GERMANY,Ahaus,1,13,344,18511550,53812.65,43362,186,18511550,53812.65,52.0794,7.0134
GERMANY,Halberstadt,1,13,355,18508326,52136.13,40367,182,18508326,52136.13,51.8958,11.0467
GERMANY,Calw,1,13,399,18480793,46317.78,49100,195,18480793,46317.78,48.7144,8.7375
GERMANY,Gütersloh,1,13,385,18460583,47949.57,38783,193,18460583,47949.57,51.9,8.3833
GERMANY,Lemgo,1,13,369,18451988,50005.39,47836,187,18451988,50005.39,52.0277,8.9043
GERMANY,Olching,1,13,412,18446869,44773.95,40140,192,18446869,44773.95,48.2,11.3167
GERMANY,Lünen,1,13,376,18428624,49012.3,46258,192,18428624,49012.3,51.6167,7.5167
GERMANY,Bad Nauheim,1,13,403,18405382,45670.92,46126,184,18405382,45670.92,50.3667,8.75
GERMANY,Bautzen,1,13,391,18389838,47032.83,47525,185,18389838,47032.83,51.1814,14.4239
GERMANY,Essen,1,13,371,18385442.81,49556.45,40834,195,18385442.81,49556.45,51.4508,7.0131
GERMANY,Falkensee,1,13,399,18331124,45942.67,46491,198,18331124,45942.67,52.5583,13.0917
GERMANY,Hannover,1,13,368,18316686,49773.6,40989,188,18316686,49773.6,52.3744,9.7386
GERMANY,Erftstadt,1,13,371,18288860,49296.12,38867,194,18288860,49296.12,50.8167,6.7667
GERMANY,Lüneburg,1,13,392,18255217,46569.43,49493,195,18255217,46569.43,53.2525,10.4144
GERMANY,Hofheim,1,13,386,18252825.25,47287.11,36016,182,18252825.25,47287.11,50.0876,8.4447
GERMANY,Sigmaringen,1,13,376,18217043,48449.58,46302,190,18217043,48449.58,48.0867,9.2164
GERMANY,Delitzsch,1,13,396,18214419,45996.01,46385,190,18214419,45996.01,51.5264,12.3425
GERMANY,Sangerhausen,1,13,363,18168862,50051.96,49156,182,18168862,50051.96,51.4667,11.3
GERMANY,Soest,1,13,355,18150323,51127.67,40805,188,18150323,51127.67,51.5711,8.1092
GERMANY,Böblingen,1,13,391,18141989,46398.95,40924,198,18141989,46398.95,48.6833,9.0
GERMANY,Garbsen,1,13,375,18108529,48289.41,43357,192,18108529,48289.41,52.4183,9.5981
GERMANY,Wilhelmshaven,1,13,378,18103702,47893.39,50875,191,18103702,47893.39,53.5167,8.1333
GERMANY,Dormagen,1,13,388,18102752,46656.58,40434,193,18102752,46656.58,51.0964,6.84
GERMANY,Herrenberg,1,13,410,18089033,44119.59,42172,199,18089033,44119.59,48.5967,8.8708
GERMANY,Dillingen,1,13,355,18070265,50902.15,45369,187,18070265,50902.15,48.5667,10.4667
GERMANY,Herne,1,13,400,18064626,45161.57,40289,190,18064626,45161.57,51.5426,7.219
GERMANY,Borken,1,13,365,18027461,49390.3,41553,188,18027461,49390.3,51.8439,6.8583
GERMANY,Starnberg,1,13,379,18019569,47545.04,38004,194,18019569,47545.04,47.9972,11.3406
GERMANY,Wolfsburg,1,13,392,17951853,45795.54,47721,184,17951853,45795.54,52.4231,10.7872
GERMANY,Heide,1,13,388,17935602,46225.78,49731,193,17935602,46225.78,54.1961,9.0933
GERMANY,Lauf,1,13,396,17928083,45272.94,46090,193,17928083,45272.94,49.5103,11.2772
GERMANY,Salzwedel,1,13,363,17901989,49316.77,43409,192,17901989,49316.77,52.85,11.15
GERMANY,Idar-oberstein,1,13,399,17900822,44864.22,44994,200,17900822,44864.22,49.7019,7.3253
GERMANY,Delmenhorst,1,13,404,17897273.01,44300.18,41250,192,17897273.01,44300.18,53.0506,8.6317
GERMANY,Meißen,1,13,365,17894050,49024.79,45517,191,17894050,49024.79,51.1636,13.4775
GERMANY,Schmallenberg,1,13,355,17871265,50341.59,44542,185,17871265,50341.59,51.1333,8.3
GERMANY,Hamburg,1,13,422,17828865,42248.5,44766,193,17828865,42248.5,53.55,10.0
GERMANY,Göttingen,1,13,398,17801757,44728.03,45616,197,17801757,44728.03,51.5339,9.9356
GERMANY,Greifswald,1,13,413,17746543,42969.84,47148,194,17746543,42969.84,54.0833,13.3833
GERMANY,Rheinbach,1,13,412,17701767.8,42965.46,47954,194,17701767.8,42965.46,50.6256,6.9491
GERMANY,Ulm,1,13,420,17685944,42109.39,38618,204,17685944,42109.39,48.3984,9.9916
GERMANY,Schleswig,1,13,369,17677973,47907.79,43283,187,17677973,47907.79,54.5153,9.5697
GERMANY,Iserlohn,1,13,354,17670461.46,49916.56,50060,195,17670461.46,49916.56,51.3833,7.6667
GERMANY,Hemer,1,13,361,17659176,48917.39,46786,186,17659176,48917.39,51.3833,7.7667
GERMANY,Backnang,1,13,365,17631288,48304.9,42977,189,17631288,48304.9,48.9464,9.4306
GERMANY,Villingen-schwenningen,1,13,370,17621081,47624.54,41352,185,17621081,47624.54,48.0603,8.4586
GERMANY,Meiningen,1,13,382,17605955,46088.89,46686,197,17605955,46088.89,50.55,10.4167
GERMANY,Ingolstadt,1,13,387,17604254.89,45489.03,56027,196,17604254.89,45489.03,48.7636,11.4261
GERMANY,Ennepetal,1,13,364,17603217,48360.49,40137,182,17603217,48360.49,51.3021,7.3425
GERMANY,Husum,1,13,364,17578374,48292.24,40383,194,17578374,48292.24,54.4769,9.0511
GERMANY,Rösrath,1,13,399,17560978,44012.48,48564,196,17560978,44012.48,50.9,7.1833
GERMANY,Warendorf,1,13,393,17553073,44664.31,58134,191,17553073,44664.31,51.9539,7.9933
GERMANY,Meerbusch,1,13,379,17548739,46302.74,37532,196,17548739,46302.74,51.2667,6.6667
GERMANY,Weimar,1,13,390,17545358,44988.1,41534,190,17545358,44988.1,50.9833,11.3167
GERMANY,Bornheim,1,13,356,17506958,49176.85,45107,180,17506958,49176.85,50.7592,7.005
GERMANY,Worms,1,13,372,17505371,47057.45,47439,195,17505371,47057.45,49.6319,8.3653
GERMANY,Bad Tölz,1,13,389,17473731,44919.62,38091,200,17473731,44919.62,47.7603,11.5567
GERMANY,Flensburg,1,13,357,17397589,48732.74,42422,194,17397589,48732.74,54.7819,9.4367
GERMANY,Recklinghausen,1,13,393,17396093,44264.87,42596,190,17396093,44264.87,51.6167,7.2
GERMANY,Weil Am Rhein,1,13,353,17392025,49269.19,42672,190,17392025,49269.19,47.5947,7.6108
GERMANY,Zweibrücken,1,13,406,17346010,42724.16,43834,196,17346010,42724.16,49.2494,7.3608
GERMANY,Kornwestheim,1,13,391,17344902,44360.36,47986,189,17344902,44360.36,48.8597,9.185
GERMANY,Stolberg,1,13,396,17334422,43773.79,45538,189,17334422,43773.79,50.7667,6.2333
GERMANY,Plauen,1,13,389,17314615,44510.58,41352,197,17314615,44510.58,50.495,12.1383
GERMANY,Pirmasens,1,13,389,17287187,44440.07,46678,189,17287187,44440.07,49.2,7.6
GERMANY,Herford,1,13,394,17244018,43766.54,50694,199,17244018,43766.54,52.1146,8.6734
GERMANY,Ludwigsburg,1,13,379,17205310,45396.6,43803,188,17205310,45396.6,48.8975,9.1919
GERMANY,Ahlen,1,13,377,17143869,45474.45,40049,192,17143869,45474.45,51.7633,7.8911
GERMANY,Bünde,1,13,372,17093844,45951.19,42744,191,17093844,45951.19,52.2,8.6
GERMANY,Winsen,1,13,382,17071358,44689.42,44858,199,17071358,44689.42,53.3667,10.2167
GERMANY,Merseburg,1,13,428,17055472,39849.23,44601,201,17055472,39849.23,51.3544,11.9928
GERMANY,Saarlouis,1,13,394,17046390,43264.95,47368,199,17046390,43264.95,49.3167,6.75
GERMANY,Espelkamp,1,13,358,17045377,47612.78,44297,203,17045377,47612.78,52.3772,8.6328
GERMANY,Goch,1,13,417,17012687,40797.81,41053,196,17012687,40797.81,51.6839,6.1619
GERMANY,Bad Hersfeld,1,13,392,16967006,43283.18,41129,194,16967006,43283.18,50.8683,9.7067
GERMANY,Regensburg,1,13,389,16955611,43587.69,49258,193,16955611,43587.69,49.0167,12.0833
GERMANY,Hof,1,13,398,16935193,42550.74,40674,191,16935193,42550.74,50.3167,11.9167
GERMANY,Parchim,1,13,371,16924752,45619.28,43066,199,16924752,45619.28,53.4167,11.8333
GERMANY,Osterode,1,13,410,16912233,41249.35,41658,194,16912233,41249.35,51.7286,10.2522
GERMANY,Andernach,1,13,384,16902507,44016.95,41466,197,16902507,44016.95,50.4397,7.4017
GERMANY,Heinsberg,1,13,376,16893764,44930.22,43998,195,16893764,44930.22,51.0631,6.0964
GERMANY,Gummersbach,1,13,344,16881117,49073.01,38243,179,16881117,49073.01,51.0333,7.5667
GERMANY,Freiberg,1,13,379,16869545,44510.67,39293,190,16869545,44510.67,50.9119,13.3428
GERMANY,Rathenow,1,13,417,16801509,40291.39,40094,198,16801509,40291.39,52.6,12.3333
GERMANY,Geislingen An Der Steige,1,13,396,16798569,42420.63,41407,195,16798569,42420.63,48.6244,9.8306
GERMANY,Kaarst,1,13,385,16728929,43451.76,52520,197,16728929,43451.76,51.2278,6.6273
GERMANY,Wangen Im Allgäu,1,13,368,16726079,45451.3,41322,184,16726079,45451.3,47.6858,9.8342
GERMANY,Lübbecke,1,13,388,16704181,43052.01,38556,184,16704181,43052.01,52.3081,8.6231
GERMANY,Hürth,1,13,328,16658138,50787.01,39003,180,16658138,50787.01,50.8775,6.8761
GERMANY,Oldenburg,1,13,427,16614339,38909.46,39254,202,16614339,38909.46,53.1439,8.2139
GERMANY,Norden,1,13,386,16569397,42925.9,33863,192,16569397,42925.9,53.5967,7.2056
GERMANY,Kelkheim (taunus),1,13,404,16471767,40771.7,45277,195,16471767,40771.7,50.138,8.4525
GERMANY,Weingarten,1,13,367,16422171,44747.06,45060,187,16422171,44747.06,47.8078,9.6417
GERMANY,Radebeul,1,13,350,16390497,46829.99,41393,180,16390497,46829.99,51.1033,13.67
GERMANY,Geldern,1,13,361,16389906,45401.4,36468,190,16389906,45401.4,51.5197,6.3325
GERMANY,Laatzen,1,13,366,16377789,44748.06,37560,194,16377789,44748.06,52.3077,9.8133
GERMANY,Nordenham,1,13,379,16368786,43189.41,45433,188,16368786,43189.41,53.5,8.4667
GERMANY,Saalfeld,1,13,359,16360378,45572.08,47066,183,16360378,45572.08,50.6506,11.3542
GERMANY,Schwabach,1,13,379,16350550,43141.29,47609,187,16350550,43141.29,49.3292,11.0208
GERMANY,Potsdam,1,13,347,16340013,47089.37,35532,187,16340013,47089.37,52.4,13.0667
GERMANY,Bad Kreuznach,1,13,385,16310587,42365.16,38090,194,16310587,42365.16,49.8469,7.8669
GERMANY,Minden,1,13,344,16251248,47242.0,38304,179,16251248,47242.0,52.2883,8.9167
GERMANY,Wiesloch,1,13,363,16228923,44707.78,46794,188,16228923,44707.78,49.2942,8.6983
GERMANY,Werl,1,13,377,16222591,43030.75,41081,191,16222591,43030.75,51.5528,7.9139
GERMANY,Kiel,1,13,373,16220179,43485.73,35933,194,16220179,43485.73,54.3233,10.1394
GERMANY,Cottbus,1,13,359,16184130,45081.14,34643,191,16184130,45081.14,51.7606,14.3342
GERMANY,Brilon,1,13,373,16162873,43332.1,42553,186,16162873,43332.1,51.3956,8.5678
GERMANY,Königs Wusterhausen,1,13,366,16162203.33,44159.03,36198,191,16162203.33,44159.03,52.2917,13.625
GERMANY,Pulheim,1,13,369,16159844,43793.62,41256,190,16159844,43793.62,51.0,6.8
GERMANY,Wittlich,1,13,402,16130184,40124.84,40210,189,16130184,40124.84,49.9869,6.8897
GERMANY,Günzburg,1,13,395,16128028,40830.45,42427,194,16128028,40830.45,48.4525,10.2711
GERMANY,Burgdorf,1,13,330,16106041,48806.18,40393,169,16106041,48806.18,52.45,10.0083
GERMANY,Rheda-wiedenbrück,1,13,383,16074520,41970.03,35690,196,16074520,41970.03,51.8417,8.3
GERMANY,Lichtenfels,1,13,343,16053213,46802.37,38309,177,16053213,46802.37,50.1333,11.0333
GERMANY,Gera,1,13,375,16053111,42808.3,61505,195,16053111,42808.3,50.8782,12.0824
GERMANY,Neckarsulm,1,13,370,16039772.1,43350.74,37152,184,16039772.1,43350.74,49.1917,9.2244
GERMANY,Arnstadt,1,13,422,16024875,37973.64,40565,197,16024875,37973.64,50.8342,10.9464
GERMANY,Bruchsal,1,13,389,16022975,41190.17,40259,186,16022975,41190.17,49.1333,8.6
GERMANY,Itzehoe,1,13,365,15991487,43812.29,34070,184,15991487,43812.29,53.925,9.5164
GERMANY,Freital,1,13,367,15938326,43428.68,37170,181,15938326,43428.68,51.0167,13.65
GERMANY,Homburg,1,13,371,15921539,42915.2,41389,182,15921539,42915.2,49.3167,7.3333
GERMANY,Wermelskirchen,1,13,371,15916494,42901.6,38528,188,15916494,42901.6,51.1392,7.2051
GERMANY,Mühlhausen,1,13,347,15881618,45768.35,38218,190,15881618,45768.35,51.2167,10.45
GERMANY,Koblenz,1,13,389,15830445,40695.23,49625,183,15830445,40695.23,50.3597,7.5978
GERMANY,Wismar,1,13,387,15787522,40794.63,34010,184,15787522,40794.63,53.8925,11.465
GERMANY,Wittmund,1,13,368,15784215,42891.89,43544,178,15784215,42891.89,53.5747,7.7808
GERMANY,Memmingen,1,13,354,15780413,44577.44,45078,190,15780413,44577.44,47.9878,10.1811
GERMANY,Kamen,1,13,355,15779913,44450.46,38286,178,15779913,44450.46,51.5917,7.6653
GERMANY,Lehrte,1,13,370,15768080,42616.43,35091,181,15768080,42616.43,52.3725,9.9769
GERMANY,Paderborn,1,13,396,15763754,39807.46,40845,202,15763754,39807.46,51.7167,8.7667
GERMANY,Tübingen,1,13,380,15762945,41481.43,42057,195,15762945,41481.43,48.52,9.0556
GERMANY,Schwäbisch Gmünd,1,13,335,15734547,46968.8,43748,182,15734547,46968.8,48.8,9.8
GERMANY,Ludwigsfelde,1,13,399,15714692,39385.19,38911,196,15714692,39385.19,52.2997,13.2667
GERMANY,Naumburg,1,13,375,15685787,41828.77,39729,190,15685787,41828.77,51.1521,11.8098
GERMANY,Eschweiler,1,13,374,15677673,41918.91,36039,190,15677673,41918.91,50.8167,6.2833
GERMANY,Jülich,1,13,398,15615098,39233.91,41672,195,15615098,39233.91,50.9222,6.3583
GERMANY,Krefeld,1,13,368,15591034,42366.94,35608,190,15591034,42366.94,51.3333,6.5667
GERMANY,Leonberg,1,13,386,15580333,40363.56,41373,192,15580333,40363.56,48.8014,9.0131
GERMANY,Schwerte,1,13,399,15576093,39037.83,36779,194,15576093,39037.83,51.4458,7.5653
GERMANY,Augsburg,1,13,370,15573674,42091.01,36542,197,15573674,42091.01,48.3717,10.8983
GERMANY,Alzey,1,13,392,15570481,39720.61,37657,195,15570481,39720.61,49.7517,8.1161
GERMANY,Rostock,1,13,376,15529256,41301.21,39454,193,15529256,41301.21,54.0833,12.1333
GERMANY,Neumarkt,1,13,398,15528260,39015.73,44761,196,15528260,39015.73,49.2833,11.4667
GERMANY,Zittau,1,13,370,15513070,41927.22,40181,191,15513070,41927.22,50.8961,14.8072
GERMANY,Moers,1,13,355,15458697,43545.63,53765,185,15458697,43545.63,51.4592,6.6197
GERMANY,Korschenbroich,1,13,384,15454013,40244.83,37048,183,15454013,40244.83,51.1833,6.5167
GERMANY,Munich,1,13,405,15442251,38129.01,34315,201,15442251,38129.01,48.1372,11.5755
GERMANY,Lörrach,1,13,398,15433198,38776.88,42942,198,15433198,38776.88,47.6156,7.6614
GERMANY,Rietberg,1,13,400,15432056,38580.14,35719,198,15432056,38580.14,51.8,8.4333
GERMANY,Wesseling,1,13,413,15427026,37353.57,41237,198,15427026,37353.57,50.8207,6.9786
GERMANY,Osnabrück,1,13,383,15420109,40261.38,40096,195,15420109,40261.38,52.2789,8.0431
GERMANY,Mannheim,1,13,386,15375859.63,39833.83,39448,194,15375859.63,39833.83,49.4878,8.4661
GERMANY,Kitzingen,1,13,387,15227878,39348.52,39721,190,15227878,39348.52,49.7333,10.1667
GERMANY,Sonneberg,1,13,380,15223700,40062.37,39409,195,15223700,40062.37,50.35,11.1667
GERMANY,Wiesbaden,1,13,371,15210660,40999.08,38319,188,15210660,40999.08,50.0825,8.24
GERMANY,Viersen,1,13,375,15205202.5,40547.21,37000,191,15205202.5,40547.21,51.2556,6.3917
GERMANY,Torgau,1,13,400,15187729,37969.32,38648,193,15187729,37969.32,51.5603,13.0056
GERMANY,Forst,1,13,374,15167196,40554.0,35532,195,15167196,40554.0,51.7333,14.6333
GERMANY,Helmstedt,1,13,383,15134662,39516.09,42405,193,15134662,39516.09,52.2281,11.0106
GERMANY,Tuttlingen,1,13,361,15052577,41696.89,36702,187,15052577,41696.89,47.985,8.8233
GERMANY,Schönebeck,1,13,381,15052354,39507.49,36984,193,15052354,39507.49,52.0167,11.75
GERMANY,Bühl,1,13,372,15011245,40352.81,46174,200,15011245,40352.81,48.6953,8.135
GERMANY,Willich,1,13,369,14995173,40637.33,42046,187,14995173,40637.33,51.2631,6.5492
GERMANY,Bitterfeld,1,13,363,14982828,41275.01,36425,195,14982828,41275.01,51.6167,12.3167
GERMANY,Haan,1,13,361,14981481,41499.95,40705,189,14981481,41499.95,51.1931,7.0131
GERMANY,Rodgau,1,13,344,14980185,43547.05,37017,177,14980185,43547.05,50.0256,8.8841
GERMANY,Kempten,1,13,365,14954045.51,40969.99,40165,195,14954045.51,40969.99,47.7333,10.3167
GERMANY,Bramsche,1,13,370,14951992,40410.79,41053,202,14951992,40410.79,52.4089,7.9728
GERMANY,Heiligenhaus,1,13,362,14939828,41270.24,36545,186,14939828,41270.24,51.3265,6.971
GERMANY,Stade,1,13,379,14921823,39371.56,36406,182,14921823,39371.56,53.6008,9.4764
GERMANY,Hagen,1,13,369,14920125,40433.94,35348,193,14920125,40433.94,51.3594,7.475
GERMANY,Langenfeld,1,13,360,14915701,41432.5,33214,187,14915701,41432.5,51.1167,6.95
GERMANY,Sinsheim,1,13,377,14839876,39363.07,34415,200,14839876,39363.07,49.25,8.8833
GERMANY,Baden-baden,1,13,366,14815534,40479.6,36102,182,14815534,40479.6,48.7619,8.2408
GERMANY,Wiehl,1,13,374,14754414,39450.3,33004,192,14754414,39450.3,50.95,7.5333
GERMANY,Mettmann,1,13,384,14738465,38381.42,35485,180,14738465,38381.42,51.25,6.9667
GERMANY,Langenhagen,1,13,369,14717576,39885.03,32162,191,14717576,39885.03,52.4394,9.74
GERMANY,Duisburg,1,13,367,14678573,39996.11,45384,193,14678573,39996.11,51.4322,6.7611
GERMANY,Stendal,1,13,355,14659957,41295.65,36657,187,14659957,41295.65,52.6,11.85
GERMANY,Fellbach,1,13,388,14640530,37733.32,35182,188,14640530,37733.32,48.8086,9.2758
GERMANY,Fürstenfeldbruck,1,13,372,14610503,39275.55,37316,187,14610503,39275.55,48.1778,11.2556
GERMANY,Mühlacker,1,13,359,14503355,40399.32,39977,195,14503355,40399.32,48.95,8.8392
GERMANY,Hoyerswerda,1,13,364,14496501,39825.55,39094,185,14496501,39825.55,51.4331,14.25
GERMANY,Alsdorf,1,13,380,14495611,38146.34,40465,188,14495611,38146.34,50.8744,6.1615
GERMANY,Leipzig,1,13,395,14476505,36649.38,40776,198,14476505,36649.38,51.35,12.3833
GERMANY,Gießen,1,13,380,14461002,38055.27,36132,195,14461002,38055.27,50.5833,8.6667
GERMANY,Harsewinkel,1,13,416,14376097,34557.93,41184,200,14376097,34557.93,51.9667,8.2331
GERMANY,Lohne,1,13,412,14311688,34737.11,41366,194,14311688,34737.11,52.6667,8.2386
GERMANY,Pfungstadt,1,13,393,14308684,36408.87,39052,197,14308684,36408.87,49.8056,8.6044
GERMANY,Bingen Am Rhein,1,13,393,14292695,36368.18,34135,208,14292695,36368.18,49.9669,7.895
GERMANY,Dülmen,1,13,348,14288137,41057.86,38305,177,14288137,41057.86,51.8308,7.2783
GERMANY,Buxtehude,1,13,346,14281319,41275.49,38084,180,14281319,41275.49,53.4769,9.7011
GERMANY,Geretsried,1,13,347,14239157,41035.03,33141,182,14239157,41035.03,47.8667,11.4667
GERMANY,Seelze,1,13,338,14225085,42086.05,29010,184,14225085,42086.05,52.3961,9.5981
GERMANY,Eschwege,1,13,378,14207588,37586.21,32897,190,14207588,37586.21,51.1881,10.0528
GERMANY,Halle,1,13,363,14172960,39043.97,36187,193,14172960,39043.97,51.4828,11.9697
GERMANY,Tönisvorst,1,13,408,14172280,34735.98,36188,198,14172280,34735.98,51.3208,6.4931
GERMANY,Wolfenbüttel,1,13,394,14137166,35881.13,35532,195,14137166,35881.13,52.1622,10.5369
GERMANY,Bad Homburg,1,13,385,14123749,36685.06,42794,190,14123749,36685.06,50.2292,8.6105
GERMANY,Chemnitz,1,13,376,14047697,37360.9,35737,190,14047697,37360.9,50.8333,12.9167
GERMANY,Luckenwalde,1,13,331,13986786,42256.15,34525,183,13986786,42256.15,52.0831,13.1667
GERMANY,Schwäbisch Hall,1,13,377,13974696,37068.16,34473,175,13974696,37068.16,49.1122,9.7375
GERMANY,Kaiserslautern,1,13,348,13955278,40101.37,36961,187,13955278,40101.37,49.4447,7.7689
GERMANY,Aschaffenburg,1,13,379,13943255,36789.59,37379,197,13943255,36789.59,49.9757,9.1478
GERMANY,Nuremberg,1,13,384,13933843,36286.05,36987,193,13933843,36286.05,49.4528,11.0778
GERMANY,Haldensleben,1,13,358,13741545,38384.2,34580,186,13741545,38384.2,52.2833,11.4167
GERMANY,Bad Honnef Am Rhein,1,13,373,13730937,36812.16,35748,191,13730937,36812.16,50.645,7.2269
GERMANY,Marburg,1,13,361,13701890.36,37955.37,38420,195,13701890.36,37955.37,50.8167,8.7667
GERMANY,Wetzlar,1,13,365,13682116,37485.25,31108,184,13682116,37485.25,50.5667,8.5
GERMANY,Offenburg,1,13,369,13663289,37027.88,36094,186,13663289,37027.88,48.4708,7.9408
GERMANY,Aalen,1,13,344,13606269,39553.11,43360,183,13606269,39553.11,48.8372,10.0936
GERMANY,Heilbronn,1,13,380,13605619,35804.26,34542,198,13605619,35804.26,49.1404,9.218
GERMANY,Ilmenau,1,13,407,13599383,33413.72,38011,187,13599383,33413.72,50.6872,10.9142
GERMANY,Dinslaken,1,13,368,13596868,36948.01,36842,190,13596868,36948.01,51.5667,6.7333
GERMANY,Velbert,1,13,391,13549790,34654.19,35575,187,13549790,34654.19,51.34,7.0416
GERMANY,Sankt Augustin,1,13,390,13545078,34730.97,30731,194,13545078,34730.97,50.77,7.1867
GERMANY,Mechernich,1,13,360,13536752,37602.09,33217,180,13536752,37602.09,50.6,6.65
GERMANY,Grimma,1,13,379,13521886,35677.8,34563,197,13521886,35677.8,51.2386,12.7253
GERMANY,Herten,1,13,403,13506779,33515.58,38509,191,13506779,33515.58,51.6,7.1333
GERMANY,Eisenach,1,13,345,13485800,39089.28,44443,192,13485800,39089.28,50.9747,10.3244
GERMANY,Erkelenz,1,13,391,13481935,34480.65,37063,201,13481935,34480.65,51.08,6.3156
GERMANY,Winnenden,1,13,389,13415577,34487.34,34473,194,13415577,34487.34,48.8764,9.3978
GERMANY,Neubrandenburg,1,13,352,13382708.53,38019.06,30147,186,13382708.53,38019.06,53.5569,13.2608
GERMANY,Fürstenwalde,1,13,340,13343759,39246.35,31358,186,13343759,39246.35,52.3667,14.0667
GERMANY,Beckum,1,13,353,13342493,37797.43,38568,190,13342493,37797.43,51.7558,8.0408
GERMANY,Rinteln,1,13,379,13339873,35197.55,34228,190,13339873,35197.55,52.1906,9.0814
GERMANY,Heidelberg,1,13,395,13324551.26,33733.04,34190,194,13324551.26,33733.04,49.4122,8.71
GERMANY,Maintal,1,13,373,13296562,35647.62,31925,192,13296562,35647.62,50.15,8.8333
GERMANY,Völklingen,1,13,367,13277304,36177.94,47880,183,13277304,36177.94,49.25,6.8333
GERMANY,Weißenburg,1,13,355,13266892,37371.53,36090,194,13266892,37371.53,49.0306,10.9719
GERMANY,Mönchengladbach,1,13,375,13220233,35253.95,31439,187,13220233,35253.95,51.2,6.4333
GERMANY,Neunkirchen,1,13,377,13162556,34913.94,35307,190,13162556,34913.94,49.3448,7.1799
GERMANY,Donauwörth,1,13,368,13148699,35730.16,39733,187,13148699,35730.16,48.7184,10.777
GERMANY,Bretten,1,13,377,13112620,34781.49,32819,194,13112620,34781.49,49.0364,8.7061
GERMANY,Aschersleben,1,13,396,13108501,33102.28,48928,190,13108501,33102.28,51.75,11.4667
GERMANY,Nordhorn,1,13,375,13055314,34814.17,32007,190,13055314,34814.17,52.4333,7.0667
GERMANY,Papenburg,1,13,385,13027193,33836.86,32904,184,13027193,33836.86,53.0667,7.4
GERMANY,Rastatt,1,13,389,12916383,33204.07,37397,199,12916383,33204.07,48.8572,8.2031
GERMANY,Solingen,1,13,390,12901111.11,33079.77,32390,197,12901111.11,33079.77,51.1667,7.0833
GERMANY,Pforzheim,1,13,348,12844015,36908.09,29820,183,12844015,36908.09,48.895,8.705
GERMANY,Königswinter,1,13,413,12806700,31008.96,28829,198,12806700,31008.96,50.6833,7.1833
GERMANY,Geilenkirchen,1,13,373,12775058,34249.49,37665,184,12775058,34249.49,50.9653,6.1194
GERMANY,Ravensburg,1,13,370,12724248,34389.86,34449,177,12724248,34389.86,47.7831,9.6114
GERMANY,Bamberg,1,13,340,12649388,37204.08,30869,185,12649388,37204.08,49.8917,10.8917
GERMANY,Nordhausen,1,13,371,12617746,34010.1,31084,189,12617746,34010.1,51.505,10.7911
GERMANY,Kulmbach,1,13,377,12580267,33369.41,35630,188,12580267,33369.41,50.1,11.4333
GERMANY,Pirna,1,13,356,12572829,35316.94,31688,176,12572829,35316.94,50.9622,13.9403
GERMANY,Passau,1,13,411,12453630,30300.8,31531,195,12453630,30300.8,48.5667,13.4667
GERMANY,Hamm,1,13,373,12433113,33332.74,30005,195,12433113,33332.74,51.6667,7.8167
GERMANY,Bergisch Gladbach,1,13,369,12381505,33554.21,31527,190,12381505,33554.21,50.9917,7.1367
GERMANY,Sankt Ingbert,1,13,360,12354986,34319.41,33927,193,12354986,34319.41,49.3,7.1167
GERMANY,Delbrück,1,13,384,12338528,32131.58,33559,192,12338528,32131.58,51.7667,8.5667
GERMANY,Detmold,1,13,365,12302821,33706.36,30026,195,12302821,33706.36,51.9378,8.8833
GERMANY,Wesel,1,13,383,12250539,31985.74,31634,190,12250539,31985.74,51.6586,6.6178
GERMANY,Würzburg,1,13,379,12215365,32230.51,35146,192,12215365,32230.51,49.7944,9.9294
GERMANY,Gaggenau,1,13,353,12193281,34541.87,34801,194,12193281,34541.87,48.8039,8.3194
GERMANY,Bad Salzuflen,1,13,389,12040395,30952.17,30073,195,12040395,30952.17,52.0875,8.7506
GERMANY,Plettenberg,1,13,362,12011257,33180.27,32910,191,12011257,33180.27,51.2128,7.8715
GERMANY,Gronau,1,13,399,12009768.78,30099.67,29097,189,12009768.78,30099.67,52.2125,7.0417
GERMANY,Schwelm,1,13,375,11969940,31919.84,36326,186,11969940,31919.84,51.2904,7.2972
GERMANY,Bremerhaven,1,13,338,11902441,35214.32,26394,192,11902441,35214.32,53.55,8.5833
GERMANY,Oer-erkenschwick,1,13,345,11484775,33289.2,27197,183,11484775,33289.2,51.6422,7.2508
GERMANY,Hanau,1,13,400,11470721,28676.8,32700,191,11470721,28676.8,50.1328,8.9169
GERMANY,Vaihingen An Der Enz,1,13,374,11356466,30364.88,29055,196,11356466,30364.88,48.9328,8.9564
GERMANY,Burg,1,13,394,11327414,28749.78,32171,194,11327414,28749.78,52.2725,11.855
GERMANY,Merzig,1,13,363,11317260,31177.02,28630,179,11317260,31177.02,49.4471,6.6312
GERMANY,Stadthagen,1,13,366,11289126,30844.61,29935,183,11289126,30844.61,52.3247,9.2069
GERMANY,Ahrensburg,1,13,343,11103264,32371.03,31524,186,11103264,32371.03,53.6747,10.2411
GERMANY,Ansbach,1,13,382,10504986,27499.96,26891,186,10504986,27499.96,49.3,10.5833
POLAND,Dęblin,1,13,218,7157747.0,32833.7,18704,143,7157747.0,32833.7,51.5667,21.8614
POLAND,Mielec,1,13,220,7052186.0,32055.39,13793,152,7052186.0,32055.39,50.2833,21.4333
POLAND,Brwinów,1,13,219,6824551.0,31162.33,12740,150,6824551.0,31162.33,52.1417,20.7167
POLAND,Wałcz,1,13,227,6562931.0,28911.59,14962,148,6562931.0,28911.59,53.2667,16.4667
POLAND,Lwówek Śląski,1,13,199,6358173.0,31950.62,13787,140,6358173.0,31950.62,51.1167,15.5833
POLAND,Łódź,1,13,227,6199607.0,27311.04,14118,148,6199607.0,27311.04,51.7769,19.4547
POLAND,Ełk,1,13,236,6112850.0,25901.91,14488,147,6112850.0,25901.91,53.8167,22.35
POLAND,Głuchołazy,1,13,187,5462090.0,29209.04,13366,128,5462090.0,29209.04,50.3131,17.3742
POLAND,Przemyśl,1,13,212,5285329.0,24930.8,10162,141,5285329.0,24930.8,49.785,22.7673
POLAND,Świdnik,1,13,202,5279427.0,26135.78,10148,146,5279427.0,26135.78,51.2333,22.7
POLAND,Malbork,1,13,223,5222450.0,23419.06,12734,154,5222450.0,23419.06,54.0285,19.0444
POLAND,Stary Sącz,1,13,211,5129466.0,24310.27,11769,143,5129466.0,24310.27,49.5625,20.6364
POLAND,Bielawa,1,13,228,5075076.0,22259.11,12716,139,5075076.0,22259.11,50.6908,16.623
POLAND,Ciechanów,1,13,184,5065140.0,27527.93,9809,139,5065140.0,27527.93,52.8817,20.6106
POLAND,Kutno,1,13,202,5002173.0,24763.23,10116,137,5002173.0,24763.23,52.2333,19.3667
POLAND,Inowrocław,1,13,223,4864351.0,21813.23,15106,141,4864351.0,21813.23,52.7958,18.2611
POLAND,Zabrze,1,13,184,4784471.0,26002.56,9649,128,4784471.0,26002.56,50.3,18.7833
POLAND,Bolesławiec,1,13,225,4783310.0,21259.16,9672,149,4783310.0,21259.16,51.2667,15.5667
POLAND,Prudnik,1,13,204,4643199.0,22760.78,9790,137,4643199.0,22760.78,50.3197,17.5792
POLAND,Toruń,1,13,221,4636675.0,20980.43,14668,146,4636675.0,20980.43,53.0167,18.6167
POLAND,Starogard Gdański,1,13,230,4632271.0,20140.31,13235,153,4632271.0,20140.31,53.9667,18.5333
POLAND,Siedlce,1,13,194,4577396.0,23594.82,10679,133,4577396.0,23594.82,52.1833,22.2833
POLAND,Świnoujście,1,13,185,4572787.0,24717.77,9329,126,4572787.0,24717.77,53.9167,14.25
POLAND,Biskupiec,1,13,208,4567704.0,21960.12,9816,142,4567704.0,21960.12,53.8647,20.9569
POLAND,Bełżyce,1,13,188,4545432.0,24177.83,13245,131,4545432.0,24177.83,51.1833,22.2667
POLAND,Zgorzelec,1,13,209,4539401.0,21719.62,12460,139,4539401.0,21719.62,51.1528,15.0
POLAND,Olsztyn,1,13,183,4525626.0,24730.2,8688,128,4525626.0,24730.2,53.78,20.4942
POLAND,Chorzów,1,13,196,4513004.0,23025.53,8749,131,4513004.0,23025.53,50.3,18.95
POLAND,Puławy,1,13,181,4489852.0,24805.81,9499,126,4489852.0,24805.81,51.4166,21.9694
POLAND,Kalisz,1,13,176,4481490.0,25463.01,10343,136,4481490.0,25463.01,51.757,18.083
POLAND,Grudziądz,1,13,217,4475054.0,20622.37,11490,134,4475054.0,20622.37,53.4925,18.7761
POLAND,Gdynia,1,13,206,4473580.0,21716.41,9722,142,4473580.0,21716.41,54.5189,18.5319
POLAND,Łuków,1,13,208,4465634.0,21469.39,8139,145,4465634.0,21469.39,51.9167,22.3833
POLAND,Kołobrzeg,1,13,205,4443214.0,21674.21,9872,130,4443214.0,21674.21,54.1667,15.5667
POLAND,Brzeg Dolny,1,13,208,4397614.0,21142.38,10134,138,4397614.0,21142.38,51.273,16.7081
POLAND,Świedbodzin,1,13,188,4389986.0,23350.99,8889,132,4389986.0,23350.99,52.25,15.5333
POLAND,Chełmno,1,13,189,4375067.0,23148.5,11353,125,4375067.0,23148.5,53.3492,18.4261
POLAND,Ruda Śląska,1,13,164,4338922.0,26456.84,9289,112,4338922.0,26456.84,50.2628,18.8536
POLAND,Rawa Mazowiecka,1,13,201,4226816.0,21028.94,8431,141,4226816.0,21028.94,51.7667,20.25
POLAND,Suwałki,1,13,191,4206718.0,22024.7,8640,120,4206718.0,22024.7,54.0833,22.9333
POLAND,Mikołów,1,13,212,4190364.0,19765.87,9406,148,4190364.0,19765.87,50.171,18.9041
POLAND,Łańcut,1,13,211,4176503.0,19793.85,9239,149,4176503.0,19793.85,50.0687,22.2291
POLAND,Sosnowiec,1,13,208,4176041.0,20077.12,11006,141,4176041.0,20077.12,50.3,19.1667
POLAND,Milanówek,1,13,188,4174779.0,22206.27,8798,127,4174779.0,22206.27,52.1243,20.6654
POLAND,Bydgoszcz,1,13,191,4157684.0,21767.98,10649,139,4157684.0,21767.98,53.1167,18.0
POLAND,Gorlice,1,13,218,4154954.0,19059.42,8588,144,4154954.0,19059.42,49.6556,21.1604
POLAND,Krapkowice,1,13,203,4074497.0,20071.41,8537,147,4074497.0,20071.41,50.4751,17.9654
POLAND,Ustka,1,13,202,4031985.0,19960.32,8389,144,4031985.0,19960.32,54.5805,16.8619
POLAND,Ostrowiec Świętokrzyski,1,13,202,4024343.0,19922.49,8799,136,4024343.0,19922.49,50.9333,21.4
POLAND,Żary,1,13,215,3958409.0,18411.2,9363,143,3958409.0,18411.2,51.6333,15.1333
POLAND,Bielsk Podlaski,1,13,201,3926687.0,19535.76,9741,130,3926687.0,19535.76,52.7667,23.2
POLAND,Chojnów,1,13,206,3922267.0,19040.13,10189,140,3922267.0,19040.13,51.2667,15.9333
POLAND,Piastów,1,13,210,3906178.0,18600.85,8331,140,3906178.0,18600.85,52.1833,20.85
POLAND,Prabuty,1,13,203,3890178.0,19163.44,9114,142,3890178.0,19163.44,53.7558,19.1975
POLAND,Elbląg,1,13,211,3884228.0,18408.66,8814,147,3884228.0,18408.66,54.1667,19.4
POLAND,Chrzanów,1,13,225,3865510.0,17180.04,9149,145,3865510.0,17180.04,50.1333,19.4
POLAND,Rzeszów,1,13,207,3849233.0,18595.33,9133,132,3849233.0,18595.33,50.05,22.0
POLAND,Przeworsk,1,13,208,3824431.0,18386.69,8491,138,3824431.0,18386.69,50.0591,22.4941
POLAND,Poznań,1,13,189,3770022.0,19947.21,10245,134,3770022.0,19947.21,52.4,16.9167
POLAND,Braniewo,1,13,180,3764481.0,20913.78,7913,126,3764481.0,20913.78,54.3833,19.8333
POLAND,Biłgoraj,1,13,190,3746451.0,19718.16,9481,140,3746451.0,19718.16,50.55,22.7333
POLAND,Sobótka,1,13,199,3712038.0,18653.46,9573,135,3712038.0,18653.46,50.8986,16.7444
POLAND,Rybnik,1,13,156,3694136.0,23680.36,9367,113,3694136.0,23680.36,50.0833,18.5
POLAND,Zakopane,1,13,195,3676008.0,18851.32,8506,130,3676008.0,18851.32,49.2994,19.9519
POLAND,Białystok,1,13,204,3657492.0,17928.88,8516,139,3657492.0,17928.88,53.1167,23.1667
POLAND,Radom,1,13,200,3634309.0,18171.55,8946,134,3634309.0,18171.55,51.4036,21.1567
POLAND,Mława,1,13,185,3626661.0,19603.57,8418,130,3626661.0,19603.57,53.1167,20.3667
POLAND,Gryfów Śląski,1,13,207,3618319.0,17479.8,8194,139,3618319.0,17479.8,51.0308,15.4202
POLAND,Tarnowskie Góry,1,13,215,3606809.0,16775.86,8559,140,3606809.0,16775.86,50.45,18.8667
POLAND,Wschowa,1,13,191,3602060.0,18858.95,9070,132,3602060.0,18858.95,51.8,16.3
POLAND,Skierniewice,1,13,181,3577304.0,19764.11,7179,129,3577304.0,19764.11,51.9528,20.1417
POLAND,Nakło Nad Notecią,1,13,228,3559628.0,15612.4,8112,141,3559628.0,15612.4,53.1421,17.6018
POLAND,Lubaczów,1,13,211,3552256.0,16835.34,9169,147,3552256.0,16835.34,50.1556,23.123
POLAND,Gdańsk,1,13,189,3536029.0,18709.15,9554,134,3536029.0,18709.15,54.3667,18.6333
POLAND,Strzegom,1,13,214,3507057.0,16388.12,7171,149,3507057.0,16388.12,51.0,16.3333
POLAND,Darłowo,1,13,212,3499849.0,16508.72,9067,143,3499849.0,16508.72,54.4167,16.4167
POLAND,Opoczno,1,13,195,3483381.0,17863.49,8888,145,3483381.0,17863.49,51.3833,20.2833
POLAND,Ostrów Mazowiecka,1,13,208,3483160.0,16745.96,8511,135,3483160.0,16745.96,52.8,21.9
POLAND,Gliwice,1,13,210,3480941.0,16575.91,10033,140,3480941.0,16575.91,50.2976,18.6766
POLAND,Węgorzewo,1,13,174,3453653.0,19848.58,7556,127,3453653.0,19848.58,54.2167,21.75
POLAND,Jaworzno,1,13,213,3428575.0,16096.6,8113,136,3428575.0,16096.6,50.2,19.275
POLAND,Lubsko,1,13,200,3426220.0,17131.1,9985,130,3426220.0,17131.1,51.7877,14.9724
POLAND,Szczecin,1,13,185,3396276.0,18358.25,8908,125,3396276.0,18358.25,53.4247,14.5553
POLAND,Częstochowa,1,13,203,3394880.0,16723.55,8311,146,3394880.0,16723.55,50.8,19.1167
POLAND,Jelenia Góra,1,13,204,3381766.0,16577.28,10942,137,3381766.0,16577.28,50.9,15.7333
POLAND,Świdnica,1,13,204,3350997.0,16426.46,7664,141,3350997.0,16426.46,50.8438,16.4886
POLAND,Wałbrzych,1,13,176,3340911.0,18982.45,7437,125,3340911.0,18982.45,50.7667,16.2833
POLAND,Pabianice,1,13,186,3336387.0,17937.56,6971,126,3336387.0,17937.56,51.6642,19.35
POLAND,Nysa,1,13,215,3326520.0,15472.19,7868,144,3326520.0,15472.19,50.4738,17.3344
POLAND,Krzeszowice,1,13,218,3318093.0,15220.61,7285,147,3318093.0,15220.61,50.1333,19.6333
POLAND,Gostynin,1,13,216,3311225.0,15329.75,9548,144,3311225.0,15329.75,52.4167,19.4667
POLAND,Zielona Góra,1,13,209,3290178.0,15742.48,9426,133,3290178.0,15742.48,51.9397,15.505
POLAND,Trzemeszno,1,13,196,3268339.0,16675.2,10176,140,3268339.0,16675.2,52.5614,17.8231
POLAND,Włocławek,1,13,200,3262258.0,16311.29,9411,143,3262258.0,16311.29,52.65,19.05
POLAND,Wrocław,1,13,188,3230194.0,17181.88,7760,136,3230194.0,17181.88,51.1077,17.0353
POLAND,Chełm,1,13,190,3226851.0,16983.43,8383,138,3226851.0,16983.43,51.1333,23.4833
POLAND,Gryfino,1,13,184,3218113.0,17489.74,6914,130,3218113.0,17489.74,53.2524,14.4883
POLAND,Wieliczka,1,13,201,3202261.0,15931.65,7337,135,3202261.0,15931.65,49.9894,20.0661
POLAND,Złotoryja,1,13,171,3186983.0,18637.33,6897,124,3186983.0,18637.33,51.1264,15.9198
POLAND,Hajnówka,1,13,179,3185061.0,17793.64,7362,121,3185061.0,17793.64,52.7333,23.5667
POLAND,Tarnobrzeg,1,13,201,3176911.0,15805.53,7562,140,3176911.0,15805.53,50.5833,21.6833
POLAND,Ozimek,1,13,197,3169778.0,16090.24,9439,137,3169778.0,16090.24,50.6731,18.2131
POLAND,Katowice,1,13,202,3166471.0,15675.6,11955,133,3166471.0,15675.6,50.25,19.0
POLAND,Olecko,1,13,199,3156790.0,15863.27,7335,133,3156790.0,15863.27,54.0333,22.5
POLAND,Kwidzyn,1,13,205,3128705.0,15261.98,9240,139,3128705.0,15261.98,53.7358,18.9308
POLAND,Lębork,1,13,193,3121865.0,16175.47,8121,126,3121865.0,16175.47,54.55,17.75
POLAND,Głubczyce,1,13,181,3114061.0,17204.76,7189,135,3114061.0,17204.76,50.2009,17.8286
POLAND,Sopot,1,13,186,3109885.0,16719.81,8938,132,3109885.0,16719.81,54.4419,18.5478
POLAND,Międzyrzecz,1,13,210,3108507.0,14802.41,7592,134,3108507.0,14802.41,52.4446,15.578
POLAND,Wisła,1,13,189,3100190.0,16403.12,6790,132,3100190.0,16403.12,49.6667,18.8667
POLAND,Głuszyca,1,13,209,3095805.0,14812.46,8458,141,3095805.0,14812.46,50.6874,16.3717
POLAND,Opole,1,13,186,3081338.0,16566.33,6772,137,3081338.0,16566.33,50.6722,17.9253
POLAND,Nidzica,1,13,208,3074939.0,14783.36,7003,141,3074939.0,14783.36,53.3583,20.425
POLAND,Nowa Sól,1,13,221,3070046.0,13891.61,8959,155,3070046.0,13891.61,51.8,15.7167
POLAND,Miastko,1,13,217,3054670.0,14076.82,7027,151,3054670.0,14076.82,54.0,16.9833
POLAND,Sieradz,1,13,214,3041245.0,14211.43,7628,148,3041245.0,14211.43,51.6,18.75
POLAND,Żychlin,1,13,202,3029636.0,14998.2,6990,142,3029636.0,14998.2,52.2453,19.6236
POLAND,Ustroń,1,13,206,2988371.0,14506.66,8484,130,2988371.0,14506.66,49.7167,18.8167
POLAND,Bielsko-biała,1,13,217,2985493.0,13758.03,6468,138,2985493.0,13758.03,49.8225,19.0444
POLAND,Brzozów,1,13,207,2973002.0,14362.33,8648,133,2973002.0,14362.33,49.6953,22.0194
POLAND,Mysłowice,1,13,205,2970084.0,14488.21,7386,143,2970084.0,14488.21,50.2333,19.1333
POLAND,Jarosław,1,13,216,2966796.0,13735.17,7643,144,2966796.0,13735.17,50.0162,22.6778
POLAND,Rypin,1,13,214,2957831.0,13821.64,6811,147,2957831.0,13821.64,53.0667,19.45
POLAND,Połaniec,1,13,201,2957214.0,14712.51,9067,140,2957214.0,14712.51,50.4333,21.2833
POLAND,Ciechocinek,1,13,204,2942575.0,14424.39,7078,137,2942575.0,14424.39,52.8833,18.7833
POLAND,Kobyłka,1,13,207,2915681.0,14085.42,6828,134,2915681.0,14085.42,52.3395,21.1959
POLAND,Legnica,1,13,196,2886870.0,14728.93,6247,136,2886870.0,14728.93,51.2101,16.1619
POLAND,Zbąszyń,1,13,193,2839495.0,14712.41,6457,142,2839495.0,14712.41,52.2531,15.9178
POLAND,Brzeszcze,1,13,211,2836461.0,13442.94,7402,142,2836461.0,13442.94,50.0,19.15
POLAND,Bytom,1,13,191,2836328.0,14849.88,6989,140,2836328.0,14849.88,50.347,18.923
POLAND,Człuchów,1,13,185,2832764.0,15312.24,7468,133,2832764.0,15312.24,53.65,17.3667
POLAND,Łęczna,1,13,189,2832247.0,14985.43,6377,125,2832247.0,14985.43,51.3,22.8833
POLAND,Reszel,1,13,191,2815982.0,14743.36,6327,131,2815982.0,14743.36,54.0504,21.1458
POLAND,Czeladź,1,13,191,2789921.0,14606.92,8064,129,2789921.0,14606.92,50.3333,19.0833
POLAND,Kościan,1,13,205,2787247.0,13596.33,8119,141,2787247.0,13596.33,52.0833,16.65
POLAND,Chełmża,1,13,209,2770066.0,13253.9,7432,141,2770066.0,13253.9,53.2,18.6
POLAND,Kielce,1,13,204,2755768.0,13508.67,6964,129,2755768.0,13508.67,50.8725,20.6319
POLAND,Tychy,1,13,194,2750000.0,14175.26,6602,135,2750000.0,14175.26,50.1667,19.0
POLAND,Otwock,1,13,201,2744906.0,13656.25,8673,138,2744906.0,13656.25,52.1167,21.2667
POLAND,Lublin,1,13,193,2740173.0,14197.79,7270,137,2740173.0,14197.79,51.2333,22.5667
POLAND,Brzeg,1,13,205,2734278.0,13337.94,9673,141,2734278.0,13337.94,50.8667,17.4833
POLAND,Piotrków Trybunalski,1,13,190,2721037.0,14321.25,6289,132,2721037.0,14321.25,51.4,19.6833
POLAND,Gubin,1,13,202,2712648.0,13428.95,6970,132,2712648.0,13428.95,51.95,14.7333
POLAND,Pruszków,1,13,183,2711952.0,14819.41,6728,117,2711952.0,14819.41,52.1667,20.8
POLAND,Bochnia,1,13,212,2707624.0,12771.81,6980,149,2707624.0,12771.81,49.9833,20.4333
POLAND,Wolsztyn,1,13,196,2705799.0,13805.1,7137,130,2705799.0,13805.1,52.1167,16.1167
POLAND,Jawor,1,13,210,2692490.0,12821.38,6623,147,2692490.0,12821.38,51.05,16.1833
POLAND,Dąbrowa Górnicza,1,13,204,2687671.0,13174.86,6586,130,2687671.0,13174.86,50.3239,19.1947
POLAND,Warka,1,13,201,2682005.0,13343.31,6142,141,2682005.0,13343.31,51.7833,21.2
POLAND,Ostrołęka,1,13,192,2676409.0,13939.63,8480,128,2676409.0,13939.63,53.0833,21.5667
POLAND,Siemiatycze,1,13,210,2667767.0,12703.65,6032,144,2667767.0,12703.65,52.4272,22.8625
POLAND,Warsaw,1,13,194,2661330.0,13718.2,7544,143,2661330.0,13718.2,52.2167,21.0333
POLAND,Wągrowiec,1,13,208,2651541.0,12747.79,7062,133,2651541.0,12747.79,52.8,17.2
POLAND,Niepołomice,1,13,161,2628351.0,16325.16,5630,117,2628351.0,16325.16,50.0339,20.2172
POLAND,Gorzów Wielkopolski,1,13,226,2624693.0,11613.69,6255,139,2624693.0,11613.69,52.7333,15.25
POLAND,Jelcz-laskowice,1,13,178,2622794.0,14734.8,6081,130,2622794.0,14734.8,51.0333,17.3333
POLAND,Kamień Pomorski,1,13,188,2620028.0,13936.32,6060,127,2620028.0,13936.32,53.9697,14.7858
POLAND,Luboń,1,13,193,2604988.0,13497.35,7953,126,2604988.0,13497.35,52.3333,16.8833
POLAND,Pleszew,1,13,181,2593633.0,14329.46,7349,128,2593633.0,14329.46,51.8974,17.7856
POLAND,Oświęcim,1,13,189,2587550.0,13690.74,7026,127,2587550.0,13690.74,50.0333,19.2333
POLAND,Cieszyn,1,13,202,2553598.0,12641.57,6682,133,2553598.0,12641.57,49.75,18.6333
POLAND,Gniew,1,13,199,2548779.0,12807.93,6965,140,2548779.0,12807.93,53.8333,18.8333
POLAND,Kórnik,1,13,212,2530575.0,11936.67,7672,144,2530575.0,11936.67,52.2367,17.0986
POLAND,Krynica,1,13,192,2520755.0,13128.93,5469,129,2520755.0,13128.93,49.4222,20.9594
POLAND,Łomża,1,13,180,2511986.0,13955.48,6422,129,2511986.0,13955.48,53.1833,22.0833
POLAND,Lubartów,1,13,207,2456080.0,11865.12,5906,138,2456080.0,11865.12,51.4667,22.6
POLAND,Pułtusk,1,13,193,2444196.0,12664.23,6232,130,2444196.0,12664.23,52.7025,21.0828
POLAND,Oborniki,1,13,186,2418711.0,13003.82,7435,125,2418711.0,13003.82,52.65,16.8167
POLAND,Nowe Miasto Lubawskie,1,13,216,2408391.0,11149.96,5786,142,2408391.0,11149.96,53.4167,19.5833
POLAND,Łęczyca,1,13,196,2390284.0,12195.33,5724,128,2390284.0,12195.33,52.0583,19.2
POLAND,Międzyrzec Podlaski,1,13,220,2387883.0,10854.01,6650,147,2387883.0,10854.01,51.9833,22.8
POLAND,Kłodzko,1,13,190,2381464.0,12534.02,7354,131,2381464.0,12534.02,50.4378,16.6528
POLAND,Konstancin-jeziorna,1,13,217,2376045.0,10949.52,6611,141,2376045.0,10949.52,52.0938,21.1176
POLAND,Grodzisk Mazowiecki,1,13,205,2369033.0,11556.26,6981,143,2369033.0,11556.26,52.1039,20.6337
POLAND,Tarnów,1,13,185,2344657.0,12673.82,7476,139,2344657.0,12673.82,50.0125,20.9883
POLAND,Łaziska Górne,1,13,199,2342717.0,11772.45,6676,131,2342717.0,11772.45,50.15,18.8333
POLAND,Ziębice,1,13,205,2341813.0,11423.48,6110,147,2341813.0,11423.48,50.6,17.0444
POLAND,Sandomierz,1,13,181,2332343.0,12885.87,6767,134,2332343.0,12885.87,50.6833,21.75
POLAND,Bytów,1,13,204,2322599.0,11385.29,6530,133,2322599.0,11385.29,54.1667,17.5
POLAND,Kęty,1,13,202,2267459.0,11225.04,6516,137,2267459.0,11225.04,49.8821,19.2233
POLAND,Bieruń Stary,1,13,197,2257663.0,11460.22,5543,128,2257663.0,11460.22,50.0897,19.0928
POLAND,Kluczbork,1,13,188,2256304.0,12001.62,4902,132,2256304.0,12001.62,50.9833,18.2167
POLAND,Gniezno,1,13,208,2251428.0,10824.17,5456,136,2251428.0,10824.17,52.5333,17.6
POLAND,Koronowo,1,13,212,2248188.0,10604.66,5861,143,2248188.0,10604.66,53.3137,17.937
POLAND,Bełchatów,1,13,188,2234710.0,11886.76,5276,119,2234710.0,11886.76,51.3667,19.3667
POLAND,Kętrzyn,1,13,189,2232319.0,11811.21,6419,134,2232319.0,11811.21,54.0833,21.3833
POLAND,Koszalin,1,13,214,2224543.0,10395.06,6627,145,2224543.0,10395.06,54.1903,16.1817
POLAND,Rumia,1,13,208,2190150.0,10529.57,5937,134,2190150.0,10529.57,54.5667,18.4
POLAND,Biała Podlaska,1,13,197,2103695.0,10678.65,5762,131,2103695.0,10678.65,52.0333,23.1167
POLAND,Trzebnica,1,13,191,2097916.0,10983.85,5231,134,2097916.0,10983.85,51.305,17.0614
POLAND,Kostrzyn Nad Odrą,1,13,187,2089400.0,11173.26,5637,132,2089400.0,11173.26,52.5883,14.6667
POLAND,Brzesko,1,13,218,2076847.0,9526.82,5474,151,2076847.0,9526.82,49.9667,20.6167
POLAND,Białogard,1,13,210,2047523.0,9750.11,5998,146,2047523.0,9750.11,54.007,15.9875
POLAND,Świecie,1,13,182,2008526.0,11035.86,5706,126,2008526.0,11035.86,53.4167,18.4333
POLAND,Kraków,1,13,213,1996236.0,9372.0,9782,139,1996236.0,9372.0,50.0614,19.9372
POLAND,Police,1,13,183,1990705.0,10878.17,7183,128,1990705.0,10878.17,53.55,14.5708
POLAND,Krotoszyn,1,13,195,1947479.0,9987.07,5746,137,1947479.0,9987.07,51.697,17.4357
POLAND,Nowy Targ,1,13,175,1780951.0,10176.86,5240,121,1780951.0,10176.86,49.4833,20.0333
POLAND,Płock,1,13,157,1771739.0,11284.96,5162,114,1771739.0,11284.96,52.55,19.7
POLAND,Szczytno,1,13,208,1681412.0,8083.71,4180,144,1681412.0,8083.71,53.5628,20.9853
